Titre,Localisation,Prix,Chambres,Salles de bain,Surface,Etage,Type,Description,Equipements,Lien
Appartement à vendre 136 m² à El Jadida,El Jadida,1 280 000 DH,3,1,136,5,"Appartements, à vendre","Magnifique duplex et terrasse aménagée, vue mer imprenable
Référence VA2juil24
Type Vente
Description En 4 eme, 5 éme étage et terrasse, dans résidence avec piscine, parking privé , syndic","Ascenseur, Balcon, Concierge, Cuisine Équipée, Duplex, Parking, Sécurité, Terrasse",https://www.avito.ma/fr/autre_secteur/appartements/Appartement_%C3%A0_vendre_136_m%C2%B2_%C3%A0_El_Jadida_55266206.htm
bel appartement à rénover,Rabat,2 200 000 DH,3,2,128,3,"Appartements, à vendre","Résidence fermée et sécurisée
appartement à vendre À rénover defaçade sans vis-à-vis au 3ème étage sans ascenseur 116m² habitable ensoleillée toute la journée 4 pièces, 3 balcon , pour 2 chambr","Balcon, Climatisation, Concierge, Cuisine Équipée, Parking",https://www.avito.ma/fr/hay_riad/appartements/bel_appartement_%C3%A0_r%C3%A9nover__55667004.htm
Appartement à vendre 80 m² à Bouskoura,Bouskoura,9 000 DH,3,2,80,2,"Appartements, à vendre","Profitez de la belle vie dynamique de Bouskoura, idéalement située entre ville et forêt
Cette nouvelle résidence se pose en position dominante permettant un ensoleillement Généreux.
Ainsi cha",N/A,https://www.avito.ma/fr/bouskoura_centre/appartements/Appartement_%C3%A0_vendre_80_m%C2%B2_%C3%A0_Bouskoura_55470924.htm
CMN-MA-1756 - Appartement à vendre à Les princesses,Casablanca,2 350 000 DH,3,2,165,Rez de chaussée,"Appartements, à vendre","Un bel appartement à vendre à Casablanca, dans le quartier des Princesses.

Situé au rez-de-chaussée d'un immeuble de 6 étages, ce bien bénéficie d'une surface de 165 m² dont 60m2 de terrasse","Ascenseur, Balcon, Parking, Terrasse",https://www.avito.ma/fr/les_princesses/appartements/CMN_MA_1756___Appartement_%C3%A0_vendre_%C3%A0_Les_princesses_55653636.htm
N/A,N/A,N/A,N/A,N/A,N/A,N/A,N/A,N/A,N/A,https://immoneuf.avito.ma/fr/unite/gQq?utm_source=avito_integration&utm_medium=listing_integration
Appartement à vendre a al wifak,Temara,1 100 000 DH,3,2,89,4,"Appartements, à vendre","Nous mettons en vente un appartement sir quartier wifak situe dans une résidence fermée et sécurisé, composé de 3 chambres et un salon.

L’appartement est bien ensoleillé ,situé dans un quart","Ascenseur, Balcon, Parking, Sécurité",https://www.avito.ma/fr/wifak/appartements/Appartement_%C3%A0_vendre_a_al_wifak_55693856.htm
Une belle opportunité premium avec Terrasse,Casablanca,1 100 000 DH,1,1,42,5,"Appartements, à vendre","Magnifique studio de luxe entièrement avec des finitions modernes et de qualité supérieure , il se compose d'une cuisine moderne américaine, d'un salon spacieux et lumineux avec balcon une grande cham","Ascenseur, Balcon, Chauffage, Climatisation, Concierge, Cuisine Équipée, Parking, Sécurité, Terrasse",https://www.avito.ma/fr/les_princesses/appartements/Une_belle_opportunit%C3%A9_premium_avec_Terrasse_55700405.htm
Appartement à vendre 98 m² à Temara,Temara,750 000 DH,2,2,98,4,"Appartements, à vendre","A 15 minutes de Rabat, l'appartement neuf se situe dans une résidence calme et sécurisée avec jardins intérieurs et extérieurs et sous sol.
L'appartement de 2 façades (ensoleillé) avec une vue me","Balcon, Concierge, Cuisine Équipée, Sécurité",https://www.avito.ma/fr/skikina/appartements/Appartement_%C3%A0_vendre_98_m%C2%B2_%C3%A0_Temara_36996024.htm
N/A,N/A,N/A,N/A,N/A,N/A,N/A,N/A,N/A,N/A,https://immoneuf.avito.ma/fr/unite/5hH?utm_source=avito_integration&utm_medium=listing_integration
Superbe appartement de 85m² - Al Majd Tanger,Tanger,750 000 DH,3,1,85,4,"Appartements, à vendre","À vendre : Superbe appartement de 85m², situé au 4ème étage d'un immeuble avec une charmante façade extérieure, niché dans le quartier prisé de Majd à Tanger.

Caractéristiques principales :","Balcon, Cuisine Équipée, Sécurité",https://www.avito.ma/fr/el_majd/appartements/Superbe_appartement_de_85m%C2%B2___Al_Majd_Tanger_53396833.htm
Superbe appartement 3chambres Val Fleuri,Casablanca,2 050 000 DH,3,2,142,2,"Appartements, à vendre","Nous vous proposons cet appartement à vendre dans le quartier de Val Fleurie à Casablanca, d'une surface de 142 m².

Situé au 2ème étage d'un immeuble de 5 étages avec ascenseur, cet apparteme","Ascenseur, Chauffage, Climatisation, Concierge, Cuisine Équipée, Parking, Sécurité",https://www.avito.ma/fr/val_fleuri/appartements/Superbe_appartement_3chambres__Val_Fleuri_55710904.htm
Appartement à vendre 88 m² à Marrakech,Marrakech,680 000 DH,2,1,88,1,"Appartements, à vendre",Appartement à vendre 88 m² à Marrakech Et bien sûr après pour le prix négociable Résidence avec parking sous-sol sécurisé avec terrasse Ascenseur,"Ascenseur, Balcon, Chauffage, Climatisation, Concierge, Cuisine Équipée, Meublé, Parking, Sécurité, Terrasse",https://www.avito.ma/fr/massira/appartements/Appartement_%C3%A0_vendre_88_m%C2%B2_%C3%A0_Marrakech_55665578.htm
Appartement à vendre 90 m² à Tanja Balia Tanger,Tanger,1 080 000 DH,2,2,90,2,"Appartements, à vendre","Bienvenue au sein du prestigieux Projet Tanja Balia Pool Résidences, une résidence immobilière exceptionnelle qui redéfinit le luxe et l'élégance. Chaque détail de cette propriété de haut standing a é","Ascenseur, Cuisine Équipée, Parking, Sécurité",https://www.avito.ma/fr/tanja_balia/appartements/Appartement_%C3%A0_vendre_90_m%C2%B2_%C3%A0_Tanja_Balia_Tanger_54631107.htm
N/A,N/A,N/A,N/A,N/A,N/A,N/A,N/A,N/A,N/A,https://immoneuf.avito.ma/fr/unite/j63?utm_source=avito_integration&utm_medium=listing_integration
Appartement à vendre 76 m² à Tétouan,Tétouan,N/A,3,N/A,76,3,"Appartements, à vendre","Au cœur de Tétouan, Magnifiques et ravissants appartements de haut standing ayant une superficie de: 121 m2 à 141 m2 qui se situe dans le complexe résidentiel Mirage à avenue Mekki Nassiri au centre","Ascenseur, Balcon, Chauffage, Climatisation, Concierge, Cuisine Équipée, Parking, Sécurité, Terrasse",https://www.avito.ma/fr/centre_ville/appartements/Appartement_%C3%A0_vendre_76_m%C2%B2_%C3%A0_T%C3%A9touan_30296274.htm
Appartement à vendre de 118 m² à Ain El Hayani,Tanger,950 000 DH,2,1,118,4,"Appartements, à vendre","Découvrez cet appartement spacieux de 118m², idéalement situé au 4ème étage dans le quartier recherché de Dradeb Ain Hayani. Cet appartement lumineux offre :
- 2 chambres confortables : parfaites",N/A,https://www.avito.ma/fr/ain_el_hayani/appartements/Appartement_%C3%A0_vendre_de_118_m%C2%B2_%C3%A0_Ain_El_Hayani__55312054.htm
Appartement à vendre 100 m² à Bouznika,Bouznika,760 000 DH,3,2,100,2,"Appartements, à vendre","Vous êtes en contact direct avec le promoteur . Des Appartements haut standing à vendre près du Golf de bouznika Bay et de la fameuse plage de Bouznika.
Finissions haut standing : 1.Climatisation","Balcon, Chauffage, Climatisation, Cuisine Équipée, Terrasse",https://www.avito.ma/fr/autre_secteur/appartements/Appartement_%C3%A0_vendre_100_m%C2%B2_%C3%A0_Bouznika_53700784.htm
"Appart 108,6m2, 3 chambre à la ville haute",Kénitra,850 000 DH,3,2,99,3,"Appartements, à vendre","bien situé à la ville haute.
proche de toutes les commodités.

résidence calme et bien gérée. avec ascenceur et parking sous sol.

appart propre, bien orienté, bonne finition,","Ascenseur, Balcon, Concierge, Parking, Sécurité",https://www.avito.ma/fr/la_ville_haute/appartements/Appart_108_6m2___3_chambre_%C3%A0_la_ville_haute_55667735.htm
N/A,N/A,N/A,N/A,N/A,N/A,N/A,N/A,N/A,N/A,https://immoneuf.avito.ma/fr/unite/jXP?utm_source=avito_integration&utm_medium=listing_integration
Appartements à vendre à Casablanca,Casablanca,7 000 DH,3,2,105,6,"Appartements, à vendre","Résidence Jnan Sbil 2 ( moyen standing) entre la nouvelle ville Zenata et Sidi Bernoussi près de la route national 1 casa-rabat.

3 chambres / 2 chambres

Ascenseur

Les équipe","Ascenseur, Balcon",https://www.avito.ma/fr/sidi_bernoussi/appartements/Appartements_%C3%A0_vendre__%C3%A0_Casablanca_55174614.htm
CMN-ME-1600 - Appartement à vendre à 2 Mars,Casablanca,1 750 000 DH,3,2,127,3,"Appartements, à vendre","À vendre : Appartement lumineux de 127 m² dans le quartier du 2 Mars à Casablanca

Découvrez cet appartement spacieux situé au 3ème étage d’un immeuble sécurisé de 5 étages.

Orien","Ascenseur, Balcon, Parking, Terrasse",https://www.avito.ma/fr/2_mars/appartements/CMN_ME_1600___Appartement_%C3%A0_vendre_%C3%A0_2_Mars_55657903.htm
Résidence Jawharate eljoulane,Casablanca,9 000 DH,3,2,116,1,"Appartements, à vendre","Jawharate El Joulane est un projet de moyen standing livraison immédiatement.
, composé des studios, des appartements, duplex, plateaux des bureaux et locaux commerciaux, situé dans un quartier e","Ascenseur, Balcon, Chauffage, Climatisation, Concierge, Cuisine Équipée, Duplex, Meublé, Parking, Sécurité, Terrasse",https://www.avito.ma/fr/sbata/appartements/R%C3%A9sidence_Jawharate_eljoulane__54019135.htm
Appartement à vendre 96 m² à Martil,Martil,960 000 DH,3,2,96,2,"Appartements, à vendre","Appartement de luxe à vendre - Martil
(Résidence familial respectable)
Avec une superficie de 96 m², au 2ème étage
Donne sur deux façades
Composé de:
Grand salon donnant sur la","Ascenseur, Balcon, Cuisine Équipée, Parking, Sécurité",https://www.avito.ma/fr/martil/appartements/Appartement_%C3%A0_vendre_96_m%C2%B2_%C3%A0_Martil_54493261.htm
N/A,N/A,N/A,N/A,N/A,N/A,N/A,N/A,N/A,N/A,https://immoneuf.avito.ma/fr/unite/Iq0?utm_source=avito_integration&utm_medium=listing_integration
Nouveaux appartement à vendre de 50 m² à Tanger,Tanger,350 000 DH,2,1,49,2,"Appartements, à vendre","Nous sommes ravis de vous présenter notre nouveau projet immobilier en cours de construction à Tanger.
Nos appartements économiques avec une finition de moyen standing sont spécialement conçus po","Ascenseur, Balcon, Cuisine Équipée, Sécurité",https://www.avito.ma/fr/aouama_gharbia/appartements/Nouveaux_appartement_%C3%A0_vendre_de_50_m%C2%B2_%C3%A0_Tanger_53330018.htm
Appartement de luxe de 62 m² à vendre à Marrakech.,Marrakech,440 000 DH,2,1,62,1,"Appartements, à vendre","Le Groupe ALHOUDA propose un appartement de luxe de 62 m² avec une finitions exceptionnelle, situé dans un immeuble de seulement huit appartements.

L'appartement est composé de deux chambre",N/A,https://www.avito.ma/fr/m'hamid/appartements/Appartement_de_luxe_de_62_m%C2%B2_%C3%A0_vendre_%C3%A0_Marrakech__55602365.htm
des appartement avendre bouznika,Bouznika,N/A,5,N/A,103,1,"Appartements, à vendre",Des apprtement de lux a bouznika litisment elwifak tres bien situe 108 metre. 3chambre salon,"Balcon, Chauffage, Climatisation, Cuisine Équipée, Parking, Terrasse",https://www.avito.ma/fr/al_kawtar/appartements/des_appartement_avendre_bouznika_53353493.htm
N/A,N/A,N/A,N/A,N/A,N/A,N/A,N/A,N/A,N/A,https://immoneuf.avito.ma/fr/unite/ywj?utm_source=avito_integration&utm_medium=listing_integration
Appartement à vendre 120 m² à Kénitra,Kénitra,820 000 DH,3,3,120,2,"Appartements, à vendre","je vous propose à vendre un appartement de 3 chambres bien équipé d’une superficie de 130 m2 bien orienté, Proche de toutes commodités et transports, dans une résidence fermée et sécurisé avec sous","Ascenseur, Balcon, Climatisation, Concierge, Cuisine Équipée, Parking, Sécurité, Terrasse",https://www.avito.ma/fr/bir_rami/appartements/Appartement_%C3%A0_vendre_120_m%C2%B2_%C3%A0_K%C3%A9nitra_55148677.htm
Appartement à vendre à 2Mars Casablanca,Casablanca,2 150 000 DH,3,2,125,2,"Appartements, à vendre","Oktasi Immobilier met à la vente un appartement meublé au 2ème étage à 2Mars la superficie 125M² se compose de
3 chambres. double salon.2 salles de bain.cuisine équipée.marbre.climatisée
Prix:",N/A,https://www.avito.ma/fr/2_mars/appartements/Appartement_%C3%A0_vendre_%C3%A0_2Mars_Casablanca_54603983.htm
Appartement à vendre 153 m² à Kénitra,Kénitra,1 120 000 DH,3,3,153,2,"Appartements, à vendre","Appartement bien ensoleillé de 3 chambres suite parentale, séjour, 3 salle de bain et cuisine entièrement équipé : four, plaque, hotte, arrangement, buanderie, volet électrique, boiserie, carrelage d'","Ascenseur, Balcon, Concierge, Cuisine Équipée, Parking, Sécurité, Terrasse",https://www.avito.ma/fr/bir_rami_ouest/appartements/Appartement_%C3%A0_vendre_153_m%C2%B2_%C3%A0_K%C3%A9nitra_54612159.htm
Appartement à vendre 110 m² à Marrakech,Marrakech,2 500 000 DH,3,2,110,1,"Appartements, à vendre","Le 25 Immobilier vous propose à la vente un bel appartement de 110m2 idéalement situé en plein cœur de Guéliz dans une résidence Neuve.
Cet appartement moderne et confortable comprend 3 chambres","Ascenseur, Concierge, Cuisine Équipée, Parking, Sécurité, Terrasse",https://www.avito.ma/fr/gu%C3%A9liz/appartements/Appartement_%C3%A0_vendre_110_m%C2%B2_%C3%A0_Marrakech_55713589.htm
N/A,N/A,N/A,N/A,N/A,N/A,N/A,N/A,N/A,N/A,https://immoneuf.avito.ma/fr/unite/P5a?utm_source=avito_integration&utm_medium=listing_integration
Appartement à vendre 85 m² à Marrakech,Marrakech,1 200 000 DH,2,2,85,3,"Appartements, à vendre",Appartement à vendre 85 m² à Marrakech. Résidence avec parking,"Ascenseur, Balcon, Concierge, Cuisine Équipée, Parking, Sécurité, Terrasse",https://www.avito.ma/fr/gu%C3%A9liz/appartements/Appartement_%C3%A0_vendre_85_m%C2%B2_%C3%A0_Marrakech_55592187.htm
Appartement à vendre 35 m² à Casablanca,Casablanca,380 000 DH,1,1,35,4,"Appartements, à vendre","شقة في الدار البيضاء في شارع الشجر سباتة شارع الكومندار ادريس الحارثي مصلوحة و مشمشة
تتكون من صالون و غرفة واحدة وكوزينة وحمام . كاينة على الشارع مباشرة ا
قرب وسائل النقل ( الباسواي، التراموا",N/A,https://www.avito.ma/fr/sbata/appartements/Appartement_%C3%A0_vendre_35_m%C2%B2_%C3%A0_Casablanca_55640038.htm
Appartement à vendre 50 m² à Tanger,Tanger,350 000 DH,2,1,50,1,"Appartements, à vendre","Nos appartements économiques avec une finition de moyen standing sont spécialement conçus pour répondre aux besoins des acheteurs soucieux de leur budget, sans compromettre la qualité et le confort de","Ascenseur, Balcon, Concierge, Cuisine Équipée, Sécurité",https://www.avito.ma/fr/mghogha/appartements/Appartement_%C3%A0_vendre_50_m%C2%B2_%C3%A0_Tanger_53451108.htm
N/A,N/A,N/A,N/A,N/A,N/A,N/A,N/A,N/A,N/A,https://immoneuf.avito.ma/fr/unite/jUV?utm_source=avito_integration&utm_medium=listing_integration
Luxe appartement à vendre avec vue sur mer à M'nar,Tanger,N/A,1,N/A,48,1,"Appartements, à vendre","Découvrez le Luxe en Bord de Mer à M’nar Tanger

Offrez-vous un style de vie inégalé avec nos appartements de luxe pieds dans l'eau à M’nar Tanger. Ce projet résidentiel d'exception propose un","Ascenseur, Climatisation, Concierge, Cuisine Équipée, Parking, Sécurité, Terrasse",https://www.avito.ma/fr/m'nar/appartements/Luxe_appartement_%C3%A0_vendre_avec_vue_sur_mer_%C3%A0_M_nar_55651348.htm
appartements haut standing,Mohammedia,11 500 DH,2,2,37,1,"Appartements, à vendre","North Beach est un projet Balnéaire de Haut standing situé dans un endroit très calme , la résidence est dotée d'une piscine semi-olympique, salle de sport équipé, ascenceurs ,parking sous sol, livra","Ascenseur, Balcon, Climatisation, Concierge, Cuisine Équipée, Parking, Sécurité, Terrasse",https://www.avito.ma/fr/partie_est/appartements/appartements_haut_standing__51116115.htm
Appartement à vendre 126 m² à Fès,Fès,845 000 DH,3,2,120,1,"Appartements, à vendre","A vendre un bel appartement avec 2 façades et 2 balcons au 1étage d'un immeuble de 4 appartements
Le bien est situé au quartier AL Azhar, connu pour son calme, à 100 m de la banque populaire et du",N/A,https://www.avito.ma/fr/route_d'immouzere/appartements/Appartement_%C3%A0_vendre_126_m%C2%B2_%C3%A0_F%C3%A8s_55721586.htm
N/A,N/A,N/A,N/A,N/A,N/A,N/A,N/A,N/A,N/A,https://immoneuf.avito.ma/fr/unite/4qw?utm_source=avito_integration&utm_medium=listing_integration
-EXCLUSIVITE - Appartement à vendre 73 m² NEUF,Tanger,820 000 DH,2,1,72,4,"Appartements, à vendre","En exclusivité

Keysafe Immobilier vous propose des appartements neufs dans une petit résidence avec ascenseur.

La résidence comporte 4 étages avec deux appartements par palier parfa","Ascenseur, Balcon, Climatisation, Concierge, Cuisine Équipée, Sécurité",https://www.avito.ma/vi/55632753.htm
Appartement prix 11000 métres c,Marrakech,1 350 000 DH,2,1,119,5,"Appartements, à vendre",Appartement à vendre sur guéliz 2 chambre 2 salon salle de bain avec parking sous-sol avec terrasse,"Ascenseur, Balcon, Chauffage, Climatisation, Concierge, Cuisine Équipée, Meublé, Parking, Sécurité, Terrasse",https://www.avito.ma/vi/55718355.htm
